c_0,"Everett, Lucero and Harrington"
c_1,Best-Webster
c_2,Bennett-Davis
c_3,"Hood, Montgomery and Murray"
c_4,Le-Jones
c_5,Thomas-Wilson
c_6,"Bailey, Bennett and Bridges"
c_7,Patel-Scott
c_8,Thompson Group
c_9,Hinton LLC
c_10,Hardy-Wilson
c_11,Guzman-Clark
c_12,Hall LLC
c_13,"Jones, Jimenez and Hess"
c_14,Martinez Inc
c_15,"Santos, Short and Mccormick"
c_16,"Miller, Brown and Dixon"
c_17,"Pena, Figueroa and Mills"
c_18,Williams-Weaver
c_19,"Thomas, Hoffman and Campbell"
c_20,Henderson Group
c_21,Walters-King
c_22,Randall-Campbell
c_23,"Garrett, Ramirez and Hayes"
c_24,Rogers Ltd
c_25,Best-Howard
c_26,Fox Ltd
c_27,Schneider LLC
c_28,Anderson-Tapia
c_29,Martinez Inc
c_30,"Thomas, Cannon and Murphy"
c_31,Guzman-Hooper
c_32,Dennis Group
c_33,Levy PLC
c_34,Mccoy LLC
c_35,Lopez-Lewis
c_36,"Turner, Pena and Delacruz"
c_37,"Fisher, Carlson and Porter"
c_38,Griffin-Obrien
c_39,"Ramirez, Johnson and Coffey"
c_40,Lewis Inc
c_41,"Russell, Cortez and Ward"
c_42,Delgado-Thomas
c_43,Montes Group
c_44,Jones-Murray
c_45,Wagner Group
c_46,Blair-Sexton
c_47,Rhodes PLC
c_48,Baker Inc
c_49,Walters-Clark
c_50,Johnson-Gordon
c_51,Garcia Group
c_52,Baker LLC
c_53,Phillips Group
c_54,Taylor Group
c_55,Williams-Patel
c_56,"Wilson, Allen and Hernandez"
c_57,Rivera-Nguyen
c_58,"Swanson, Harding and Cruz"
c_59,Patel PLC
c_60,"Willis, Collins and Phelps"
c_61,"Johnson, Powell and Wright"
c_62,Cabrera-Mcgee
c_63,Livingston Ltd
c_64,"Ford, Martinez and Ellis"
c_65,"Ramirez, Tucker and Walker"
c_66,Trujillo-Kennedy
c_67,Cole-Odom
c_68,Dunn-Johnson
c_69,Gonzalez-Meza
c_70,Hanson-Oneal
c_71,Morgan-Diaz
c_72,"Kelly, Walker and Mitchell"
c_73,Tate PLC
c_74,"Phillips, Richardson and Arnold"
c_75,Davis-Jones
c_76,"Manning, Livingston and Mathews"
c_77,Morris-Edwards
c_78,"Coleman, Harris and Cochran"
c_79,Romero-Joseph
c_80,Levy Inc
c_81,"Carroll, Holt and Nelson"
c_82,Burns-Ruiz
c_83,Matthews Group
c_84,"Dominguez, Gilmore and Carson"
c_85,Wright Inc
c_86,Reyes and Sons
c_87,Brennan-Simpson
c_88,Mclaughlin-Horton
c_89,Arnold-Griffith
c_90,Ford Ltd
c_91,Foley-Adams
c_92,Johnson LLC
c_93,Reid-Newton
c_94,"Hall, Rivas and Davis"
c_95,Stanley-Smith
c_96,Robbins Inc
c_97,Vargas-Cummings
c_98,Hill-Lopez
c_99,Lowe-Reid
c_100,Williams Ltd
c_101,Wong-Garcia
c_102,Grant PLC
c_103,Valentine LLC
c_104,"Garza, Simon and George"
c_105,Beck Ltd
c_106,Young-Olson
c_107,Newton-Taylor
c_108,Solomon LLC
c_109,"Morse, Garcia and Foster"
c_110,"Weiss, Guzman and Rivera"
c_111,Curry Group
c_112,"Martin, Clements and Pruitt"
c_113,Dunn-Bowers
c_114,"Good, Diaz and Rosales"
c_115,Wise-Perry
c_116,Lambert Group
c_117,Williams Inc
c_118,"Russell, Rice and Duran"
c_119,Potter Inc
c_120,Scott-Harrington
c_121,Reilly PLC
c_122,"Travis, Barrera and Baxter"
c_123,Orozco-Frank
c_124,Liu-Matthews
c_125,"Wood, Roberts and Barton"
c_126,Hicks and Sons
c_127,"Harrison, Lee and Phelps"
c_128,Pham-Morrison
c_129,"Jackson, Barnett and Alvarado"
c_130,Sims Inc
c_131,Fernandez-Gordon
c_132,Chambers LLC
c_133,Brooks-Williams
c_134,"Walter, Davis and Campbell"
c_135,Miller-Becker
c_136,"York, Lewis and Ford"
c_137,"Clark, Ochoa and Murphy"
c_138,Gonzalez Inc
c_139,Vasquez-Schneider
c_140,"Proctor, Johnson and Obrien"
c_141,Baxter PLC
c_142,Hernandez-Dillon
c_143,"Day, Williams and Mitchell"
c_144,Valdez and Sons
c_145,Russell Ltd
c_146,"Mccarthy, Boyd and Hall"
c_147,"Roberts, Evans and Thomas"
c_148,Torres LLC
c_149,Harvey Inc
c_150,Mcpherson-Martinez
c_151,"Morgan, Ortiz and Thornton"
c_152,"Rice, Hunter and Tucker"
c_153,"Smith, Anthony and Melton"
c_154,Koch and Sons
c_155,Goodman-George
c_156,Blankenship-Anderson
c_157,"Graves, Bryant and Diaz"
c_158,Martinez-Wilkerson
c_159,"Salazar, Allen and Allen"
c_160,Parks-Watkins
c_161,"Jackson, Fox and Hall"
c_162,Brown-Edwards
c_163,Bates-Thomas
c_164,Williams-Greer
c_165,Gordon-Wallace
c_166,Nguyen LLC
c_167,Lucero-Day
c_168,Martin and Sons
c_169,"Dudley, Nelson and Mcfarland"
c_170,Greer and Sons
c_171,"Stevens, Smith and Pineda"
c_172,King Group
c_173,"Green, Lewis and Sanchez"
c_174,Shelton Ltd
c_175,Harrell PLC
c_176,"Griffin, Caldwell and Anderson"
c_177,Barber-Bridges
c_178,"Moore, Adams and Dudley"
c_179,Cooper-Gray
c_180,Graham-Lambert
c_181,Nolan-Anderson
c_182,"Ward, Evans and Peterson"
c_183,Reed LLC
c_184,Richardson-Vincent
c_185,"Rodriguez, Taylor and Morrison"
c_186,Gray-Shepard
c_187,"Ray, Kirk and Fox"
c_188,"Miller, Baldwin and Rogers"
c_189,Wilson and Sons
c_190,Powell PLC
c_191,Johns-Hardy
c_192,Patterson Group
c_193,Lee and Sons
c_194,"Snyder, Snyder and White"
c_195,Palmer and Sons
c_196,Fletcher-Carrillo
c_197,Rios-Ferguson
c_198,"White, James and Dougherty"
c_199,Eaton-Cooper
c_200,"Walker, Johnson and Edwards"
c_201,Lopez Ltd
c_202,"Ferguson, Collins and Jimenez"
c_203,"Myers, Valdez and Carr"
c_204,Gallagher PLC
c_205,Martin-House
c_206,Potts PLC
c_207,"Martinez, Sanford and Spencer"
c_208,"Peterson, Jackson and Sullivan"
c_209,"Jones, Martinez and Ortega"
c_210,Holland and Sons
c_211,Chavez LLC
c_212,Barnett-Miller
c_213,Davis-Griffin
c_214,"Harris, Rocha and Curtis"
c_215,Salinas and Sons
c_216,Stafford-Hernandez
c_217,Campbell-Bailey
c_218,"Foster, Mayo and Garcia"
c_219,"Evans, Sharp and Norris"
c_220,"Carter, Wong and Lewis"
c_221,Lowery-Snyder
c_222,"House, Quinn and Wilson"
c_223,Walters and Sons
c_224,Robinson-Campos
c_225,Arnold-Harris
c_226,"Cortez, Parks and Johnson"
c_227,Martinez-Hunt
c_228,"Clark, Brown and Wolf"
c_229,Waller-Weiss
c_230,Brown Inc
c_231,"Burns, Taylor and Daniels"
c_232,Cook Inc
c_233,Howard-Anderson
c_234,Pena-Martinez
c_235,Matthews-Barnett
c_236,Bradley Inc
c_237,"Mcguire, Austin and Johnson"
c_238,"Walker, Lopez and Schneider"
c_239,Tanner-Lawrence
c_240,"Collier, Brown and Shaw"
c_241,Stewart and Sons
c_242,"Williamson, Barron and Cooper"
c_243,"Zamora, Roberts and Williams"
c_244,Richards and Sons
c_245,Thompson-King
c_246,Fowler PLC
c_247,Shah Ltd
c_248,Thompson Ltd
c_249,"Morrison, Martin and Campbell"
c_250,Bauer Inc
c_251,Murray Group
c_252,Jackson PLC
c_253,"Patterson, Johnson and Reeves"
c_254,"Lyons, Ruiz and Martin"
c_255,Bell LLC
c_256,Carr LLC
c_257,"Deleon, Gibson and James"
c_258,Burns-Mitchell
c_259,Martinez Group
c_260,"Duran, Thompson and Schneider"
c_261,"Martin, Smith and Phillips"
c_262,Jones-Reilly
c_263,Cohen-Hendricks
c_264,Ho Group
c_265,"Schultz, Price and Bauer"
c_266,"Carroll, Hawkins and Calderon"
c_267,Brooks and Sons
c_268,"Calhoun, Allen and George"
c_269,"Beck, Garza and Lee"
c_270,Brown-Carlson
c_271,"Mitchell, Hickman and Anderson"
c_272,Blackwell Group
c_273,Ali-Smith
c_274,"Rodriguez, Wilkerson and Castillo"
c_275,"Herman, Wilson and Smith"
c_276,Johnson-Taylor
c_277,Duran-Moreno
c_278,Smith Group
c_279,Fleming-Buck
c_280,"Richardson, Moody and Atkinson"
c_281,Jones-Hull
c_282,Robertson-Curry
c_283,"Vasquez, Mason and Crosby"
c_284,"Leon, Morgan and Mccullough"
c_285,Hudson Ltd
c_286,Hansen-Contreras
c_287,Smith-Dickerson
c_288,Lamb Ltd
c_289,Smith PLC
c_290,Copeland-Perez
c_291,Mcbride-Robles
c_292,Henderson-Mitchell
c_293,Johnson Inc
c_294,James-Rivera
c_295,Wiggins PLC
c_296,"Roach, Martin and Bush"
c_297,"Winters, Mitchell and Wolfe"
c_298,Barrett PLC
c_299,Holden Inc
c_300,"Flores, Pugh and Brown"
c_301,Munoz-Bates
c_302,Hill-Warren
c_303,Chang-Smith
c_304,Vaughn-Williams
c_305,Flores-Howard
c_306,Diaz-Turner
c_307,Hughes and Sons
c_308,Rodriguez LLC
c_309,Garcia PLC
c_310,Simmons Group
c_311,"Jones, Bell and Stone"
c_312,Shannon-Hernandez
c_313,Lee-Davis
c_314,Smith-Jones
c_315,"Stewart, Powell and Fleming"
c_316,"Barrera, Neal and Mclaughlin"
c_317,Baker-Bauer
c_318,"Young, Martin and Murray"
c_319,Stewart Group
c_320,Wong-Johnson
c_321,"Baker, Hunt and Allen"
c_322,"Hall, Jackson and Chapman"
c_323,Lewis Inc
c_324,Patton-Barry
c_325,Mcdaniel Ltd
c_326,"Stevens, Lewis and Crawford"
c_327,Scott-Wilson
c_328,Perez LLC
c_329,Hodge Inc
c_330,"Young, Shaw and Cameron"
c_331,Mendez-Mason
c_332,Wright and Sons
c_333,"Morris, Wise and Padilla"
c_334,"Sanders, Terry and Murray"
c_335,Pacheco-Sanchez
c_336,Copeland LLC
c_337,"Rodriguez, Padilla and Alexander"
c_338,"Juarez, Hamilton and Schmidt"
c_339,Grant-Williams
c_340,Hendrix LLC
c_341,Andrade-Clay
c_342,Perry-Reynolds
c_343,Dixon Inc
c_344,"Nichols, Hamilton and Hopkins"
c_345,Wilkins-Mendez
c_346,Pollard-Crawford
c_347,Sullivan-Mcgrath
c_348,"Martin, Oliver and Gomez"
c_349,"Gilmore, Bradley and Taylor"
c_350,Lynch and Sons
c_351,Lindsey and Sons
c_352,Smith Group
c_353,Rodriguez-Powers
c_354,"Nichols, Santos and Hickman"
c_355,Gomez-Hudson
c_356,Mendoza Inc
c_357,Mitchell Inc
c_358,Marshall-Stone
c_359,Haley-Davis
c_360,"Brooks, Mosley and Anderson"
c_361,Doyle-Salazar
c_362,"Williams, Rogers and Jimenez"
c_363,"Schneider, Wilson and Powell"
c_364,"Spencer, Long and King"
c_365,Rodriguez Group
c_366,Williams and Sons
c_367,"Guerra, Sanders and Medina"
c_368,Livingston and Sons
c_369,"Miller, Wright and Jenkins"
c_370,Parker Group
c_371,Henson-Wright
c_372,"Kelley, Hahn and Yang"
c_373,Rice-Hill
c_374,Becker Ltd
c_375,"Hicks, Wolfe and Randall"
c_376,"Smith, Daniels and Flores"
c_377,"Rasmussen, Gonzales and Chaney"
c_378,"Bowen, Davis and Lopez"
c_379,"Williams, Camacho and Johnson"
c_380,Walker-Washington
c_381,"Spencer, Burton and Hicks"
c_382,"Morrow, Ramirez and Stephens"
c_383,Christensen Inc
c_384,"Miller, Wade and Smith"
c_385,Martinez-Weaver
c_386,Church and Sons
c_387,"Carter, Turner and Smith"
c_388,Torres-Lin
c_389,Bell-Bates
c_390,Wells and Sons
c_391,Hansen-Bowers
c_392,Coleman-Obrien
c_393,"Willis, Watson and Miller"
c_394,Reid-Harrison
c_395,"Carr, Patrick and Villanueva"
c_396,Marshall-Carter
c_397,"Freeman, Thompson and Winters"
c_398,Cohen PLC
c_399,Collins-Jennings
c_400,Ross-Ramos
c_401,Townsend-Neal
c_402,Bryant-Williams
c_403,Greene Group
c_404,Pace Ltd
c_405,"Singleton, Rodgers and Kim"
c_406,Waters Group
c_407,Kidd-Martin
c_408,Coleman-Martin
c_409,Ryan-Walker
c_410,Johnson PLC
c_411,"Cannon, Drake and Herrera"
c_412,Frye and Sons
c_413,"Adams, Mahoney and Garcia"
c_414,"Howard, Little and Maynard"
c_415,"Blair, Sanchez and Curry"
c_416,Drake-Bailey
c_417,Brown-Kidd
c_418,Martin Group
c_419,"Wilkins, Harris and Hardy"
c_420,"Mcdaniel, Smith and Matthews"
c_421,"Baker, Martinez and Juarez"
c_422,Welch Ltd
c_423,Lopez Ltd
c_424,"Rogers, Garrett and Taylor"
c_425,Taylor-Waters
c_426,"Williams, Shepherd and Rodriguez"
c_427,Wright Group
c_428,Cook PLC
c_429,Harris-Garcia
c_430,Cole PLC
c_431,Johnston LLC
c_432,Ruiz and Sons
c_433,Swanson-Yu
c_434,Mathews-Brown
c_435,Moore-Davies
c_436,Gregory-Bailey
c_437,"Holt, Mckinney and Lopez"
c_438,Jacobs Ltd
c_439,Love Ltd
c_440,Weiss-Barnes
c_441,Jones-Davidson
c_442,Welch-Gomez
c_443,Whitaker-Black
c_444,Campbell-Gibson
c_445,"Williams, Rivera and Yang"
c_446,"Rogers, Martin and Drake"
c_447,"Robinson, Sullivan and Yang"
c_448,Singh-Flynn
c_449,Davis-Taylor
c_450,Gallagher-Gonzales
c_451,Snyder Group
c_452,Swanson Inc
c_453,"Hill, Gomez and Williams"
c_454,Camacho Group
c_455,Snyder and Sons
c_456,Daniel-Wolfe
c_457,Medina-Bates
c_458,Parker-Richardson
c_459,"Jensen, Webb and Garrett"
c_460,Morales-Wilson
c_461,Nguyen and Sons
c_462,Holt PLC
c_463,Johnson and Sons
c_464,Hernandez Inc
c_465,Wilson-Burns
c_466,"Harrison, Cross and Smith"
c_467,Brooks and Sons
c_468,Pollard-Howard
c_469,Haynes-Martinez
c_470,"Smith, Arellano and Schneider"
c_471,Thompson-Baker
c_472,Thomas PLC
c_473,Cox-Patterson
c_474,"Stevens, Noble and Shields"
c_475,Townsend Ltd
c_476,"Sims, Moss and Pierce"
c_477,Jensen and Sons
c_478,Mercado-Morton
c_479,Gallegos-Hickman
c_480,"Cline, Carson and Valdez"
c_481,Smith-Willis
c_482,Conway-Smith
c_483,"Anderson, Williams and Gonzalez"
c_484,"Cunningham, Klein and Harrell"
c_485,Reed-Weiss
c_486,Powell LLC
c_487,Hanna and Sons
c_488,Anderson Ltd
c_489,Garcia-Olson
c_490,"Bolton, Dawson and Martinez"
c_491,James-Taylor
c_492,Spears LLC
c_493,Davis LLC
c_494,Dennis-Mitchell
c_495,"Moore, Wheeler and Brown"
c_496,"Browning, Lee and Mcclain"
c_497,Scott-Shaw
c_498,"Collins, Castillo and Thomas"
c_499,"Higgins, Cook and Jones"
c_500,Stevenson-Hood
c_501,Jones-Woods
c_502,"Calderon, Fuller and Ramirez"
c_503,Townsend-Lee
c_504,Hodge-Benson
c_505,Williams-Knight
c_506,"Monroe, Garrison and Johnson"
c_507,Willis and Sons
c_508,Rodriguez-Fields
c_509,"Todd, Boone and Gonzales"
c_510,Wright LLC
c_511,Ford-Davis
c_512,Gutierrez LLC
c_513,Martin-Griffin
c_514,Sanchez-Smith
c_515,Scott-White
c_516,Richard-Joseph
c_517,Wright-Gonzalez
c_518,"Booth, Mcgee and Adams"
c_519,Ochoa and Sons
c_520,Ho and Sons
c_521,Stanley-Porter
c_522,Williams-Larsen
c_523,Anderson PLC
c_524,Griffin and Sons
c_525,Stanton PLC
c_526,Rios Group
c_527,"Mccann, Williams and Roberson"
c_528,Adams-Knight
c_529,"Durham, Diaz and White"
c_530,Dunn-Scott
c_531,"Clayton, Owens and Russell"
c_532,"Martin, Everett and Harris"
c_533,Stephenson Ltd
c_534,Hopkins-Melton
c_535,Jimenez-Ochoa
c_536,"Sanders, Molina and Jones"
c_537,Byrd LLC
c_538,Snyder-Monroe
c_539,Martinez-Mack
c_540,Davies Ltd
c_541,"Gray, Kelly and Werner"
c_542,Black PLC
c_543,Brock Inc
c_544,"Wyatt, Williams and Gonzalez"
c_545,Avery and Sons
c_546,Ray-Aguilar
c_547,"Peterson, Foster and Black"
c_548,Roth LLC
c_549,"Evans, Carey and Richardson"
c_550,Lee LLC
c_551,Bowers-Ford
c_552,Gonzalez-Adams
c_553,Jones Inc
c_554,Jones-Baker
c_555,Reed-Carrillo
c_556,Garcia-Morales
c_557,Flores Inc
c_558,Alexander Group
c_559,"Miller, Gross and Robinson"
c_560,Massey-Walsh
c_561,Anderson-Little
c_562,Clark-Shields
c_563,"Gamble, Young and Hensley"
c_564,Sparks-Wells
c_565,Graham Group
c_566,"Thompson, Yang and Morrow"
c_567,Gardner PLC
c_568,"Ponce, Bates and Cummings"
c_569,Hancock-Gibson
c_570,Davis LLC
c_571,Cook Ltd
c_572,Castro-Mccarthy
c_573,"Ewing, Ford and Pope"
c_574,"Henry, Johnson and Sutton"
c_575,Monroe Ltd
c_576,Mitchell Ltd
c_577,Coleman-Bowers
c_578,Pitts-Owens
c_579,Boyle PLC
c_580,Hogan-Williams
c_581,Holden Inc
c_582,Cook Ltd
c_583,"Combs, Lopez and Ellis"
c_584,Nelson-Keller
c_585,Woods PLC
c_586,Moore-Schroeder
c_587,Franklin Ltd
c_588,"Cannon, Burnett and Robertson"
c_589,Anderson PLC
c_590,"Brown, Sutton and Klein"
c_591,Cook-Ochoa
c_592,Lopez and Sons
c_593,Bauer-Howard
c_594,Simmons-Henry
c_595,"Park, Washington and Beck"
c_596,Williams Ltd
c_597,Marquez-Coleman
c_598,Blanchard Inc
c_599,"Jackson, Owens and Nelson"
c_600,Leonard Group
c_601,Brown Ltd
c_602,Graham-Jones
c_603,Williams and Sons
c_604,Kramer-Shepard
c_605,"Anderson, Armstrong and Cruz"
c_606,Jimenez-Wiley
c_607,Lee-Clarke
c_608,Richards Group
c_609,Hampton PLC
c_610,"Brown, Glenn and Petersen"
c_611,Kane-Aguilar
c_612,Hodge-Duncan
c_613,Davidson PLC
c_614,"Casey, Carson and Owens"
c_615,"Walters, Mccann and Mccormick"
c_616,Herrera Group
c_617,"Chen, Cohen and Gonzalez"
c_618,"Reyes, Morrison and Lewis"
c_619,"Williams, Barajas and Smith"
c_620,Wright-Phillips
c_621,French and Sons
c_622,"Dyer, King and Martin"
c_623,"Wilson, Washington and Shah"
c_624,Montes Ltd
c_625,James-Nunez
c_626,"White, Smith and Barber"
c_627,Robinson PLC
c_628,Gonzalez-Brown
c_629,Perez-Ruiz
c_630,"Cunningham, Parrish and Jackson"
c_631,"Beasley, Ingram and Turner"
c_632,"Garcia, Walters and Miranda"
c_633,Lopez-Brown
c_634,Maynard-Smith
c_635,"Lewis, Hernandez and Turner"
c_636,"Russell, Simmons and Garner"
c_637,Wilkins-Anthony
c_638,"Johnson, Miller and Aguirre"
c_639,Wilkins-Anderson
c_640,"Mills, Bates and Mcdonald"
c_641,Short PLC
c_642,Howard Ltd
c_643,Mullen LLC
c_644,Ortega Group
c_645,"Bowers, Taylor and Jones"
c_646,Alvarez LLC
c_647,"Hernandez, Mitchell and Mosley"
c_648,Warner Group
c_649,"Martinez, Baker and Howell"
c_650,"Wilson, Cooke and Larsen"
c_651,Bryant PLC
c_652,"Christensen, Green and Garcia"
c_653,Armstrong-Smith
c_654,"Rocha, Hale and Le"
c_655,Nguyen-Clarke
c_656,Johnson LLC
c_657,Harris PLC
c_658,Irwin-Hernandez
c_659,"Norton, Stevens and Huang"
c_660,Wilson LLC
c_661,Charles LLC
c_662,"Mitchell, Patel and Lozano"
c_663,Cooper Inc
c_664,"Bolton, Carson and Green"
c_665,Singleton and Sons
c_666,Reed Ltd
c_667,"Hines, Ortega and Schmitt"
c_668,Franklin-Sanchez
c_669,Ward Inc
c_670,Peters LLC
c_671,Fuller-Stevens
c_672,Rhodes-English
c_673,Fuller Inc
c_674,Gibson-Mcbride
c_675,Wise Inc
c_676,Bell-Nichols
c_677,Mckinney-Sanchez
c_678,Murphy-Jackson
c_679,Allen-James
c_680,"Carson, Pope and Taylor"
c_681,Rojas Group
c_682,Wilson Group
c_683,Edwards and Sons
c_684,Flores LLC
c_685,"Olson, Wright and Gibbs"
c_686,Miller-James
c_687,Lowe-King
c_688,Decker and Sons
c_689,Jones and Sons
c_690,White Group
c_691,Knight-Brown
c_692,Buckley-Rosario
c_693,"Wilkins, Lowery and Martinez"
c_694,"Wheeler, Wilson and Christian"
c_695,Johnson-Hall
c_696,"Jackson, Jenkins and Ortiz"
c_697,Smith PLC
c_698,Thomas LLC
c_699,"Lopez, Cohen and Lawrence"
c_700,Rodriguez PLC
c_701,Cannon-Richmond
c_702,Lee LLC
c_703,Taylor-Sanford
c_704,Park-Baker
c_705,Strickland LLC
c_706,Nunez-Kelley
c_707,Bonilla-Nelson
c_708,"Townsend, Riley and Garrison"
c_709,Anderson Ltd
c_710,"Adams, Ramirez and Hanson"
c_711,Fowler Inc
c_712,Kelly-Campos
c_713,Ayers-Miller
c_714,Leonard PLC
c_715,Bonilla-Nelson
c_716,Miller-Young
c_717,"Mckinney, Callahan and Johnson"
c_718,Hudson-Finley
c_719,"Nelson, Ford and Johnson"
c_720,Brown-Sullivan
c_721,Smith and Sons
c_722,Lowery-Hernandez
c_723,Henson Inc
c_724,Scott-Mcguire
c_725,"Harmon, Frazier and Carson"
c_726,"Moore, Jones and Davis"
c_727,Andrade Ltd
c_728,Ford-Crawford
c_729,Valdez Inc
c_730,Bishop PLC
c_731,"Frazier, Myers and Gonzalez"
c_732,White-Douglas
c_733,Wagner-Hooper
c_734,Pierce-Hamilton
c_735,"Wood, Good and Johnson"
c_736,Mercado PLC
c_737,"Newman, Byrd and Lynch"
c_738,Jensen Ltd
c_739,Abbott-Todd
c_740,Thompson PLC
c_741,"Hancock, Combs and Martinez"
c_742,"Sparks, Carter and Gonzalez"
c_743,"Smith, Phillips and Allen"
c_744,Franklin and Sons
c_745,"Lara, Dorsey and Reynolds"
c_746,"Ho, Valenzuela and Alexander"
c_747,Day Group
c_748,"Day, Rangel and Wood"
c_749,Carroll and Sons
c_750,Mendez-Wolfe
c_751,Dalton Group
c_752,White LLC
c_753,"Evans, Huang and Bell"
c_754,"Thompson, Orr and Banks"
c_755,"Mitchell, Diaz and Wood"
c_756,Mcneil PLC
c_757,Richards-Dominguez
c_758,Suarez PLC
c_759,Waters Inc
c_760,"Johnson, Pitts and Greene"
c_761,Ramos-Sanford
c_762,Salas-Decker
c_763,Rose-Taylor
c_764,Brady Group
c_765,Robinson-Ross
c_766,Castillo-Berry
c_767,"Frost, Wheeler and Jones"
c_768,Hogan-Boyd
c_769,Ramirez and Sons
c_770,Vega Ltd
c_771,Ryan PLC
c_772,Castaneda-Lee
c_773,Skinner Inc
c_774,Conrad and Sons
c_775,Kim-Dunlap
c_776,Jackson Group
c_777,"Hodges, Rios and Mercer"
c_778,Christensen-Jones
c_779,Spears LLC
c_780,Davis PLC
c_781,Rose Inc
c_782,"Cardenas, Martinez and Richard"
c_783,"Glass, Lopez and Lee"
c_784,Steele-Becker
c_785,Morris-Gonzales
c_786,Harrison-Lester
c_787,"Lang, Adams and Oliver"
c_788,Roberts-Thomas
c_789,"Young, Cook and Smith"
c_790,Stephens-Obrien
c_791,Quinn Inc
c_792,Taylor Inc
c_793,Logan PLC
c_794,Kelly-Walker
c_795,Butler PLC
c_796,Barron-Hamilton
c_797,"Meza, Hernandez and Kennedy"
c_798,"Santana, Perez and Sampson"
c_799,"Bonilla, Warner and Peters"
c_800,Barnett Ltd
c_801,Perkins Group
c_802,"Hartman, Hall and Frazier"
c_803,Wilkins-Miller
c_804,"Tran, Price and Foster"
c_805,"Orozco, Mckee and Scott"
c_806,"Wong, Schneider and Chapman"
c_807,Figueroa-Rogers
c_808,"Buchanan, Dominguez and Ramos"
c_809,Martinez-Mcmahon
c_810,"Odom, Johnson and Garcia"
c_811,"Williams, Rivera and Ferguson"
c_812,Henderson Group
c_813,Noble-Hansen
c_814,"Farmer, Alexander and Sanchez"
c_815,Gallagher Group
c_816,Day PLC
c_817,Mcdonald-Rose
c_818,Carpenter-Lee
c_819,Jimenez LLC
c_820,Cline LLC
c_821,Miller-Ramirez
c_822,Forbes-Crawford
c_823,"Ali, West and Evans"
c_824,"Vance, Miller and Adams"
c_825,Watson Ltd
c_826,Hill-Smith
c_827,Perry PLC
c_828,Guerra-Butler
c_829,James-Chambers
c_830,"Berry, Lopez and Dennis"
c_831,"Golden, Miller and Dunn"
c_832,Jimenez-Johnson
c_833,Walsh-Fox
c_834,Miller Group
c_835,Gutierrez-Garcia
c_836,Salinas Group
c_837,Buchanan-Harrison
c_838,Hogan PLC
c_839,Mueller-Gomez
c_840,Hill-Delgado
c_841,Dean and Sons
c_842,Ryan-Benitez
c_843,Griffin-Garcia
c_844,"Dominguez, Anderson and Robinson"
c_845,"Johnson, Harris and Mcpherson"
c_846,"Harris, Garcia and Hernandez"
c_847,Andrade and Sons
c_848,Robinson PLC
c_849,"Shelton, Cox and Hogan"
c_850,"Nixon, Savage and Price"
c_851,Glass-Stokes
c_852,"Lawrence, Hartman and Spencer"
c_853,"Bates, Taylor and Romero"
c_854,Wells Inc
c_855,Thompson-Colon
c_856,Carter-Luna
c_857,Ayala LLC
c_858,"Manning, Pham and Richardson"
c_859,Smith LLC
c_860,Ross-Williams
c_861,"Freeman, Woods and Taylor"
c_862,Gonzales-Hicks
c_863,"Hodge, Jackson and Weber"
c_864,White-Nelson
c_865,"Sanchez, Taylor and Clark"
c_866,"Anderson, Warren and Cook"
c_867,"Castaneda, Carlson and Patterson"
c_868,"Perkins, Church and Garcia"
c_869,"Johnson, Garcia and Tran"
c_870,Oliver-Thompson
c_871,Parker Group
c_872,Bender Group
c_873,"Williams, Blankenship and Wood"
c_874,"Garcia, Moore and Day"
c_875,Graham-Luna
c_876,Hughes Ltd
c_877,"Delgado, Tate and Guzman"
c_878,Bell-Johnson
c_879,Figueroa-Lang
c_880,Kelly Ltd
c_881,Miller-Hernandez
c_882,"Tucker, Anderson and Holloway"
c_883,"Weeks, West and Rose"
c_884,Lyons PLC
c_885,Little-Powell
c_886,Morgan PLC
c_887,Tran-Powers
c_888,"Brown, Bell and Rice"
c_889,Kelly-Gonzalez
c_890,Newman-Norman
c_891,"Gonzalez, Haas and Villarreal"
c_892,"Lawson, Williams and Nunez"
c_893,Evans PLC
c_894,Dunlap-Ryan
c_895,"Vargas, Jimenez and Anderson"
c_896,"Bradley, Bailey and Hart"
c_897,Smith-Carpenter
c_898,Rivera Inc
c_899,Johnson Ltd
c_900,"Parks, Barnett and Herman"
c_901,Tyler Group
c_902,Rodriguez-Barnes
c_903,Morgan LLC
c_904,Howard LLC
c_905,Giles and Sons
c_906,Wang-Jackson
c_907,Wells Group
c_908,Long Inc
c_909,"Dunlap, Simmons and Johnson"
c_910,Blackburn-Leonard
c_911,Clarke Ltd
c_912,"Watson, Sanchez and Young"
c_913,"Palmer, Sandoval and Hall"
c_914,Greer-Wong
c_915,Guzman-Johnson
c_916,Obrien and Sons
c_917,Randall Inc
c_918,Walker-Cisneros
c_919,"Moore, Brown and Smith"
c_920,Sandoval and Sons
c_921,Jennings Group
c_922,Jones and Sons
c_923,"Martinez, Moreno and Howell"
c_924,"Rodriguez, Salazar and Rodriguez"
c_925,Cruz-Oneal
c_926,Dunn PLC
c_927,Beard Ltd
c_928,Ward Ltd
c_929,"May, Fisher and White"
c_930,"Mitchell, Pugh and Jones"
c_931,"Stokes, Johnson and Ford"
c_932,Gordon Group
c_933,Smith-Yang
c_934,"Salinas, Bender and Taylor"
c_935,Wheeler Inc
c_936,Graves Group
c_937,"Murphy, Thompson and Long"
c_938,Marsh Ltd
c_939,"Farley, Saunders and Morales"
c_940,Lopez-Lin
c_941,Hoffman-Luna
c_942,Petersen and Sons
c_943,"Anderson, Wong and Wilson"
c_944,Nelson PLC
c_945,Dawson Group
c_946,"Yang, Adams and Bender"
c_947,Williams-Hall
c_948,Taylor-Hicks
c_949,Dean Inc
c_950,Torres-French
c_951,Moran-Rodriguez
c_952,Woods PLC
c_953,Rivera-Castro
c_954,Montoya-Thomas
c_955,Chavez Inc
c_956,Klein-Lopez
c_957,"Evans, Brown and Rosario"
c_958,Daniels LLC
c_959,Lawrence LLC
c_960,Knapp PLC
c_961,Grant Ltd
c_962,Flores-White
c_963,Stone-Guzman
c_964,"Ortega, Aguilar and Sanchez"
c_965,"Lopez, Leonard and Morales"
c_966,"Levy, Martin and Gill"
c_967,Russell-Hull
c_968,Smith Group
c_969,Kelley and Sons
c_970,"Richardson, Price and Santiago"
c_971,"Gray, Garza and Rodriguez"
c_972,"Delgado, Griffith and Freeman"
c_973,Boone-Mendez
c_974,Nelson-Elliott
c_975,"Alexander, Taylor and Cruz"
c_976,"Hernandez, Meyer and Jackson"
c_977,Perez-Benson
c_978,"Frazier, Rodriguez and Donaldson"
c_979,Galvan and Sons
c_980,"Patel, Savage and Macias"
c_981,Sanchez-Alexander
c_982,"King, Hamilton and Kennedy"
c_983,Jones-Montoya
c_984,Donaldson-Crane
c_985,"Crawford, Thomas and Watson"
c_986,Hill Group
c_987,Garcia-Potts
c_988,"Henderson, Taylor and Banks"
c_989,Simpson-Herrera
c_990,Huffman Ltd
c_991,Merritt-Wolf
c_992,"Grimes, Martinez and Harrison"
c_993,Lee-Burns
c_994,Ramsey-Sanchez
c_995,Daugherty PLC
c_996,Garcia-Day
c_997,"Wolf, Harrell and Diaz"
c_998,Johnson Inc
c_999,Callahan-Hardy
